Time	Force
0	730.620717
0.002	730.625134
0.004	726.378262
0.006	726.026627
0.008	723.200453
0.01	720.367905
0.012	716.126197
0.014	714.357222
0.016	709.052353
0.018	706.929776
0.02	703.747912
0.022	701.975217
0.024	695.968135
0.026	694.197967
0.028	691.721641
0.03	687.47653
0.032	683.581344
0.034	682.873606
0.036	680.750329
0.038	676.503319
0.04	675.793844
0.042	674.73149
0.044	672.961004
0.046	671.898976
0.048	667.303811
0.05	670.479428
0.052	667.29491
0.054	669.772412
0.056	666.586382
0.058	664.107015
0.06	665.879005
0.062	666.580917
0.064	664.81043
0.066	665.160646
0.068	666.576147
0.07	664.452824
0.072	664.806667
0.074	665.51333
0.076	664.808102
0.078	664.448254
0.08	664.802191
0.082	668.339092
0.084	667.985172
0.086	669.750898
0.088	669.753132
0.09	670.812471
0.092	676.820334
0.094	684.593471
0.096	684.589958
0.098	683.171272
0.1	697.303754
0.102	699.758923
0.104	707.17373
0.106	709.294687
0.108	713.876076
0.11	715.641246
0.112	718.113899
0.114	719.167445
0.116	719.167772
0.118	719.873429
0.12	720.224084
0.122	719.872415
0.124	719.517272
0.126	721.276373
0.128	720.920887
0.13	722.678672
0.132	722.668807
0.134	726.204433
0.136	725.849256
0.138	723.367672
0.14	722.673304
0.142	723.386859
0.144	719.514657
0.146	716.705758
0.148	717.419709
0.15	715.304279
0.152	716.377378
0.154	715.32105
0.156	713.207183
0.158	712.151465
0.16	712.155316
0.162	708.621995
0.164	706.5106
0.166	706.859513
0.168	706.155843
0.17	703.324327
0.172	702.258193
0.174	704.725642
0.176	702.247384
0.178	702.231135
0.18	702.578086
0.182	703.277849
0.184	701.141042
0.186	702.545106
0.188	703.597731
0.19	702.165638
0.192	702.863837
0.194	705.332187
0.196	704.259144
0.198	704.953564
0.2	707.423125
0.202	709.535305
0.204	710.587382
0.206	712.699656
0.208	712.339591
0.21	713.391952
0.212	711.264658
0.214	714.439302
0.216	711.25255
0.218	713.367969
0.22	714.780702
0.222	715.130952
0.224	713.358291
0.226	714.770518
0.228	712.65069
0.23	711.233668
0.232	709.46429
0.234	710.876946
0.236	707.695744
0.238	705.567297
0.24	705.572531
0.242	706.27555
0.244	704.506877
0.246	703.446723
0.248	701.678924
0.25	699.199522
0.252	699.905465
0.254	703.088462
0.256	701.673313
0.258	697.779485
0.26	700.609129
0.262	701.671088
0.264	700.256275
0.266	702.024175
0.268	703.438619
0.27	702.023687
0.272	702.022914
0.274	704.851665
0.276	703.791795
0.278	703.434432
0.28	708.387606
0.282	708.38716
0.284	709.803986
0.286	711.924235
0.288	712.279892
0.29	714.747643
0.292	714.745333
0.294	717.927248
0.296	718.272594
0.298	718.266201
0.3	721.79804
0.302	722.493351
0.304	722.839856
0.306	723.893815
0.308	725.300928
0.31	723.87729
0.312	725.287619
0.314	725.989505
0.316	724.217187
0.318	720.672082
0.32	723.143809
0.322	722.078558
0.324	721.717326
0.326	721.358705
0.328	720.999471
0.33	722.403158
0.332	721.689173
0.334	724.157634
0.336	723.439979
0.338	723.781295
0.34	726.253081
0.342	729.783022
0.344	729.774944
0.346	732.596434
0.348	733.650409
0.35	733.644799
0.352	733.286118
0.354	735.754478
0.356	734.3356
0.358	732.211805
0.36	732.91674
0.362	731.503371
0.364	727.613616
0.366	728.67304
0.368	724.083676
0.37	721.962407
0.372	717.016124
0.374	716.669088
0.376	712.78651
0.378	707.13226
0.38	705.733963
0.382	703.616062
0.384	700.436461
0.386	700.100657
0.388	693.740772
0.39	691.979527
0.392	691.293145
0.394	688.112615
0.396	682.816761
0.398	680.349929
0.4	681.414904
0.402	678.942429
0.404	675.416013
0.406	672.586765
0.408	669.406689
0.41	666.934491
0.412	664.807935
0.414	660.92154
0.416	657.383084
0.418	652.426894
0.42	652.431044
0.422	647.835088
0.424	645.352464
0.426	643.940666
0.428	640.407511
0.43	636.508285
0.432	630.854409
0.434	631.203947
0.436	626.960098
0.438	622.718237
0.44	622.011829
0.442	620.953917
0.444	618.487035
0.446	624.508038
0.448	623.473972
0.45	624.884343
0.452	627.738755
0.454	640.509715
0.456	645.464814
0.458	652.536293
0.46	668.061356
0.462	680.790027
0.464	689.272653
0.466	702.31583
0.468	712.921178
0.47	730.579855
0.472	741.855322
0.474	757.769404
0.476	771.194288
0.478	783.528907
0.48	800.506137
0.482	810.397971
0.484	819.568466
0.486	826.645516
0.488	833.009581
0.49	834.407785
0.492	836.539309
0.494	835.835644
0.496	834.766622
0.498	830.53412
0.5	826.644599
0.502	822.402436
0.504	814.632137
0.506	808.266872
0.508	801.551381
0.51	793.075166
0.512	784.947852
0.514	780.002806
0.516	773.296811
0.518	764.817993
0.52	760.943842
0.522	755.303158
0.524	749.659814
0.526	747.200674
0.528	741.566245
0.53	738.043876
0.532	730.990552
0.534	731.008925
0.536	726.426083
0.538	721.13358
0.54	721.150593
0.542	719.041627
0.544	718.349237
0.546	716.593805
0.548	714.131073
0.55	712.723188
0.552	710.255988
0.554	711.325724
0.556	707.445558
0.558	705.680469
0.56	706.040326
0.562	705.693787
0.564	703.580396
0.566	703.232019
0.568	701.472977
0.57	703.948564
0.572	700.414903
0.574	702.185407
0.576	700.42366
0.578	698.298102
0.58	699.714839
0.582	699.361752
0.584	699.710843
0.586	699.001696
0.588	699.706992
0.59	697.224368
0.592	696.86652
0.594	697.566332
0.596	696.147162
0.598	694.019876
0.6	694.724837
0.602	695.774833
0.604	696.831704
0.606	696.119669
0.608	698.239048
0.61	695.403587
0.612	695.401421
0.614	696.81186
0.616	696.103014
0.618	694.684472
0.62	696.453668
0.622	695.746283
0.624	695.038502
0.626	696.806067
0.628	695.74892
0.63	696.100461
0.632	697.516667
0.634	698.226295
0.636	697.165308
0.638	695.042277
0.64	699.99332
0.642	699.287379
0.644	697.516128
0.646	700.695902
0.648	701.755403
0.65	702.106995
0.652	703.516653
0.654	706.340762
0.656	705.985785
0.658	707.037106
0.66	710.570542
0.662	712.335279
0.664	714.802564
0.666	719.040336
0.668	720.808766
0.67	721.504035
0.672	723.267201
0.674	727.152607
0.676	726.436431
0.678	726.425372
0.68	727.83447
0.682	729.949665
0.684	727.818734
0.686	730.645827
0.688	729.933388
0.69	728.868438
0.692	726.743076
0.694	727.445013
0.696	727.086804
0.698	723.899363
0.7	724.252269
0.702	722.833192
0.704	720.355756
0.706	718.584985
0.708	717.173979
0.71	713.281344
0.712	711.511253
0.714	710.102024
0.716	706.916775
0.718	699.491176
0.72	700.556975
0.722	698.43817
0.724	692.074951
0.726	690.666058
0.728	688.195937
0.73	683.95594
0.732	680.427027
0.734	679.018839
0.736	675.485849
0.738	671.24691
0.74	671.606698
0.742	669.843095
0.744	667.373207
0.746	669.14397
0.748	665.261931
0.75	666.675801
0.752	664.911073
0.754	665.623537
0.756	664.921885
0.758	661.740444
0.76	667.049662
0.762	666.698992
0.764	667.760496
0.766	670.941698
0.768	671.300663
0.77	673.417981
0.772	673.064792
0.774	676.959205
0.776	679.431459
0.778	681.901117
0.78	686.868545
0.782	693.945226
0.784	697.848251
0.786	704.936903
0.788	706.706457
0.79	712.722359
0.792	713.78774
0.794	719.083339
0.796	720.49867
0.798	721.553524
0.8	725.793529
0.802	726.50308
0.804	726.151016
0.806	731.451855
0.808	731.460328
0.81	733.227086
0.812	732.164749
0.814	732.875107
0.816	731.812727
0.818	729.690469
0.82	731.813097
0.822	731.106442
0.824	729.693124
0.826	726.867638
0.828	726.161103
0.83	724.392412
0.832	725.10167
0.834	725.459654
0.836	722.629795
0.838	721.920872
0.84	724.046842
0.842	723.692595
0.844	719.803295
0.846	720.864952
0.848	722.632182
0.85	722.982004
0.852	721.21302
0.854	724.042965
0.856	724.394298
0.858	720.857673
0.86	723.334531
0.862	724.748596
0.864	724.393241
0.866	724.748983
0.868	725.807753
0.87	723.685554
0.872	724.036888
0.874	728.985646
0.876	727.216671
0.878	724.383771
0.88	725.79934
0.882	727.563932
0.884	726.498966
0.886	725.790205
0.888	726.848924
0.89	727.552908
0.892	726.488001
0.894	725.072173
0.896	725.070266
0.898	722.59084
0.9	724.709059
0.902	725.065077
0.904	722.231841
0.906	721.169109
0.908	719.403752
0.91	721.873462
0.912	718.689296
0.914	720.104066
0.916	719.04167
0.918	715.856293
0.92	718.684064
0.922	716.56153
0.924	714.088384
0.926	714.443345
0.928	714.799018
0.93	710.907096
0.932	710.910681
0.934	711.973086
0.936	709.499562
0.938	708.085042
0.94	706.673975
0.942	707.734893
0.944	705.263561
0.946	707.031487
0.948	704.55951
0.95	704.207463
0.952	705.269439
0.954	705.269096
0.956	703.854651
0.958	703.502527
0.96	703.859035
0.962	704.214012
0.964	703.509154
0.966	704.215826
0.968	703.863065
0.97	705.278532
0.972	706.339383
0.974	706.692228
0.976	705.985926
0.978	706.338986
0.98	709.167153
0.982	710.584484
0.984	709.874857
0.986	711.99593
0.988	711.995964
0.99	711.640978
0.992	711.640608
0.994	711.641751
0.996	713.05391
0.998	710.223594
1	713.761681
1.002	712.343628
1.004	713.051366
1.006	713.756585
1.008	712.340749
1.01	713.044095
1.012	714.455187
1.014	712.33567
1.016	710.567004
1.018	711.624521
1.02	712.684399
1.022	711.975226
1.024	711.618427
1.026	710.556854
1.028	710.199677
1.03	709.135132
1.032	710.548819
1.034	710.19281
1.036	710.187294
1.038	709.479144
1.04	710.538619
1.042	709.828337
1.044	711.241596
1.046	711.240178
1.048	708.409855
1.05	708.763019
1.052	711.235701
1.054	711.94527
1.056	711.943422
1.058	709.116021
1.06	711.236372
1.062	709.46848
1.064	709.467716
1.066	709.113125
1.068	710.52897
1.07	709.821593
1.072	708.408971
1.074	710.88393
1.076	710.886792
1.078	707.704062
1.08	711.947291
1.082	710.534367
1.084	711.59704
1.086	711.24208
1.088	710.184873
1.09	710.182673
1.092	711.597813
1.094	711.244691
1.096	711.597134
1.098	710.535476
1.1	711.949954
1.102	713.364019
1.104	712.653687
1.106	712.653377
1.108	711.241209
1.11	711.591091
1.112	713.356808
1.114	714.414848
1.116	713.00153
1.118	712.293397
1.12	715.828544
1.122	712.997602
1.124	712.995754
1.126	714.760817
1.128	712.638309
1.13	712.98929
1.132	713.691562
1.134	714.394994
1.136	713.332296
1.138	712.976923
1.14	716.509518
1.142	714.385566
1.144	714.381201
1.146	713.671263
1.148	714.377213
1.15	710.838104
1.152	713.665806
1.154	715.079855
1.156	712.604174
1.158	711.188303
1.16	712.60383
1.162	711.896428
1.164	712.249566
1.166	712.603099
1.168	711.54292
1.17	708.008932
1.172	711.544699
1.174	709.070959
1.176	711.193433
1.178	710.134664
1.18	709.07566
1.182	708.018058
1.184	709.433508
1.186	709.083309
1.188	707.31503
1.19	707.317952
1.192	707.317909
1.194	706.965888
1.196	705.906816
1.198	706.614864
1.2	705.552519
1.202	706.262121
1.204	704.848012
1.206	707.676806
1.208	707.326942
1.21	709.446142
1.212	708.035393
1.214	708.741343
1.216	708.387037
1.218	706.623081
1.22	708.390672
1.222	709.804695
1.224	709.803174
1.226	710.510904
1.228	706.973969
1.23	709.447072
1.232	708.034099
1.234	710.506152
1.236	709.444822
1.238	710.504203
1.24	711.206474
1.242	711.206113
1.244	710.850708
1.246	711.554827
1.248	710.494269
1.25	710.48913
1.252	709.782467
1.254	711.902474
1.256	709.425685
1.258	708.361475
1.26	710.479609
1.262	710.830582
1.264	710.474488
1.266	712.593747
1.268	709.055712
1.27	711.172772
1.272	712.584931
1.274	712.227142
1.276	714.345612
1.278	710.809777
1.28	712.931168
1.282	713.986227
1.284	711.865901
1.286	713.632736
1.288	712.925694
1.29	712.925342
1.292	713.27995
1.294	714.694737
1.296	712.927172
1.298	711.86774
1.3	715.756361
1.302	712.93195
1.304	712.222717
1.306	712.223499
1.308	709.75184
1.31	711.166644
1.312	711.52157
1.314	711.876212
1.316	710.817124
1.318	710.111561
1.32	712.58939
1.322	711.174989
1.324	711.176055
1.326	711.174989
1.328	709.408859
1.33	710.824721
1.332	712.59294
1.334	713.654271
1.336	713.302525
1.338	711.183988
1.34	711.183618
1.342	712.248163
1.344	711.185356
1.346	713.665041
1.348	711.895276
1.35	710.484141
1.352	711.195144
1.354	710.843836
1.356	710.49026
1.358	710.142201
1.36	710.849578
1.362	711.913023
1.364	712.266824
1.366	712.976023
1.368	710.499998
1.37	712.977097
1.372	713.331628
1.374	715.455992
1.376	714.747087
1.378	714.042976
1.38	715.458073
1.382	713.338478
1.384	714.043234
1.386	715.104884
1.388	713.340232
1.39	713.694126
1.392	712.634307
1.394	713.694865
1.396	713.693018
1.398	710.509264
1.4	712.276442
1.402	712.275377
1.404	711.920425
1.406	714.396509
1.408	711.562955
1.41	712.625351
1.412	713.33272
1.414	716.512537
1.416	716.160104
1.418	714.391817
1.42	716.512872
1.422	716.159734
1.424	714.74352
1.426	714.741379
1.428	715.447648
1.43	714.386411
1.432	715.800837
1.434	717.917948
1.436	715.08839
1.438	713.31902
1.44	713.317224
1.442	713.315805
1.444	712.958611
1.446	712.604097
1.448	710.833954
1.45	709.415222
1.452	709.768008
1.454	708.70285
1.456	706.226473
1.458	707.283344
1.46	707.991141
1.462	708.341014
1.464	706.922608
1.466	707.983124
1.468	705.503094
1.47	706.210488
1.472	706.917143
1.474	707.621314
1.476	706.202874
1.478	703.728267
1.48	704.430557
1.482	705.840962
1.484	704.424352
1.486	704.778642
1.488	703.713323
1.49	703.005225
1.492	701.23478
1.494	704.066865
1.496	703.710754
1.498	700.172752
1.5	700.1768
1.502	701.234789
1.504	700.171308
1.506	700.529242
1.508	699.10972
1.51	699.111937
1.512	699.112675
1.514	700.172898
1.516	698.760628
1.518	695.934018
1.52	696.996397
1.522	699.119661
1.524	696.644342
1.526	697.353205
1.528	697.710675
1.53	698.770519
1.532	697.711448
1.534	698.065024
1.536	695.945
1.538	694.881546
1.54	695.237287
1.542	694.17422
1.544	694.526997
1.546	694.172827
1.548	695.586455
1.55	696.292783
1.552	695.583946
1.554	696.292843
1.556	695.938243
1.558	695.939679
1.56	699.47297
1.562	699.826134
1.564	698.764115
1.566	703.358644
1.568	701.590735
1.57	701.235809
1.572	703.004766
1.574	704.416692
1.576	704.769805
1.578	703.001526
1.58	703.354656
1.582	705.829933
1.584	706.18229
1.586	705.828404
1.588	706.890682
1.59	705.480277
1.592	706.187594
1.594	708.311933
1.596	705.485925
1.598	707.257804
1.6	705.491683
1.602	707.261724
1.604	706.554974
1.606	707.268196
1.608	706.563268
1.61	708.686464
1.612	709.746199
1.614	707.628477
1.616	708.33906
1.618	707.277041
1.62	709.753032
1.622	708.696135
1.624	711.527026
1.626	712.589758
1.628	711.880869
1.63	711.884152
1.632	711.176397
1.634	713.299653
1.636	713.302146
1.638	711.181837
1.64	713.302507
1.642	714.718386
1.644	713.303556
1.646	712.598404
1.648	713.305017
1.65	715.428994
1.652	713.661438
1.654	714.370713
1.656	713.307242
1.658	712.603148
1.66	713.665141
1.662	711.545202
1.664	711.89944
1.666	713.315638
1.668	711.548098
1.67	712.611217
1.672	712.965843
1.674	715.089141
1.676	713.674009
1.678	712.968085
1.68	714.737867
1.682	715.090326
1.684	715.443078
1.686	716.149406
1.688	715.796259
1.69	716.855012
1.692	715.793414
1.694	717.208974
1.696	717.560265
1.698	718.975414
1.7	718.620454
1.702	715.086139
1.704	716.852192
1.706	718.972543
1.708	718.266232
1.71	716.852587
1.712	716.145571
1.714	716.146319
1.716	715.79349
1.718	715.442148
1.72	714.731841
1.722	713.674231
1.724	712.967542
1.726	715.443558
1.728	712.969674
1.73	714.739052
1.732	713.679947
1.734	712.974099
1.736	712.971117
1.738	711.206844
1.74	711.913137
1.742	711.207909
1.744	712.268408
1.746	712.62268
1.748	711.914539
1.75	709.792417
1.752	710.49976
1.754	711.204996
1.756	710.85441
1.758	707.321531
1.76	709.43933
1.762	709.792494
1.764	708.379175
1.766	709.084437
1.768	706.610226
1.77	708.730216
1.772	706.609194
1.774	707.667595
1.776	706.963492
1.778	706.610706
1.78	706.96094
1.782	706.962065
1.784	705.551333
1.786	707.669124
1.788	706.611169
1.79	706.257334
1.792	705.196819
1.794	705.905725
1.796	704.493171
1.798	702.372476
1.8	705.555551
1.802	705.557415
1.804	704.144827
1.806	705.557802
1.808	705.559993
1.81	706.267395
1.812	706.619795
1.814	704.50172
1.816	707.684013
1.818	705.562218
1.82	707.330178
1.822	708.036086
1.824	707.680352
1.826	708.033198
1.828	708.738349
1.83	708.73798
1.832	708.031703
1.834	710.502606
1.836	710.149098
1.838	709.090388
1.84	711.56307
1.842	711.208505
1.844	709.438715
1.846	712.266064
1.848	712.620999
1.85	711.561189
1.852	712.267071
1.854	712.618069
1.856	712.619152
1.858	712.269623
1.86	712.268918
1.862	712.266323
1.864	712.97328
1.866	713.680338
1.868	712.618294
1.87	712.972583
1.872	712.267682
1.874	714.391333
1.876	713.683888
1.878	712.622969
1.88	713.687154
1.882	713.333981
1.884	714.042063
1.886	713.690007
1.888	715.458982
1.89	712.633849
1.892	714.049677
1.894	716.878101
1.896	714.758876
1.898	713.696152
1.9	713.344844
1.902	714.761445
1.904	713.347027
1.906	714.406871
1.908	712.639281
1.91	714.761093
1.912	714.406863
1.914	715.467816
1.916	712.638652
1.918	712.286966
1.92	714.402162
1.922	713.699227
1.924	713.345341
1.926	715.462066
1.928	713.691965
1.93	715.107148
1.932	715.10677
1.934	716.874378
1.936	715.811276
1.938	714.042628
1.94	715.454468
1.942	715.806567
1.944	715.100222
1.946	714.037936
1.948	715.099895
1.95	714.745295
1.952	713.680775
1.954	714.742803
1.956	716.863086
1.958	713.329786
1.96	714.388891
1.962	713.329081
1.964	712.622779
1.966	714.743465
1.968	715.097308
1.97	715.455207
1.972	714.04005
1.974	713.333094
1.976	713.333043
1.978	711.213783
1.98	713.335905
1.982	712.628554
1.984	713.335158
1.986	712.276825
1.988	710.509999
1.99	712.631442
1.992	711.924022
1.994	711.923687
1.996	710.864942
1.998	710.159018
2	709.807349
2.002	709.456058
2.004	710.512904
2.006	710.515482
2.008	708.747917
2.01	709.455336
2.012	711.930218
2.014	710.519159
2.016	709.458636
2.018	707.692859
2.02	708.754155
2.022	708.401403
2.024	711.229063
2.026	710.523954
2.028	709.814352
2.03	710.873844
2.032	710.172294
2.034	711.58562
2.036	710.170497
2.038	710.526918
2.04	711.940598
2.042	713.355763
2.044	714.769778
2.046	714.414474
2.048	713.357198
2.05	712.2967
2.052	712.6491
2.054	715.125528
2.056	714.770903
2.058	713.00302
2.06	714.771642
2.062	713.358014
2.064	716.89122
2.066	714.771668
2.068	715.834693
2.07	715.480119
2.072	715.483032
2.074	716.54212
2.076	715.83581
2.078	715.485198
2.08	713.718414
2.082	714.069395
2.084	714.071209
2.086	715.837657
2.088	712.659334
2.09	713.368189
2.092	714.425413
2.094	712.659343
2.096	714.430501
2.098	711.247813
2.1	712.660392
2.102	713.722007
2.104	713.365896
2.106	712.662188
2.108	712.303894
2.11	711.952251
2.112	713.012388
2.114	714.073676
2.116	712.305389
2.118	712.657797
2.12	712.658192
2.122	714.425027
2.124	713.36483
2.126	715.133813
2.128	713.717951
2.13	714.427931
2.132	713.010935
2.134	713.364125
2.136	713.363747
2.138	712.657814
2.14	713.010961
2.142	713.011708
2.144	711.596602
2.146	711.948331
2.148	712.303979
2.15	711.244976
2.152	711.244245
2.154	714.073434
2.156	710.535777
2.158	712.303695
2.16	712.656472
2.162	711.947282
2.164	712.655733
2.166	712.655793
2.168	712.302251
2.17	714.067977
2.172	714.06875
2.174	712.654375
2.176	713.006044
2.178	711.239948
2.18	711.238504
2.182	711.238521
2.184	709.46947
2.186	708.059477
2.188	708.057973
2.19	708.413672
2.192	704.523969
2.194	705.583762
2.196	705.581201
2.198	702.402199
2.2	703.107402
2.202	702.047978
2.204	700.278952
2.206	700.985658
2.208	699.216297
2.21	698.508928
2.212	698.15139
2.214	696.028194
2.216	697.089818
2.218	694.613449
2.22	695.317569
2.222	694.964137
2.224	694.60586
2.226	693.895991
2.228	691.065391
2.23	691.414584
2.232	689.290649
2.234	687.874117
2.236	687.160569
2.238	687.160191
2.24	685.391989
2.242	685.385768
2.244	683.617498
2.246	681.847401
2.248	680.432244
2.25	678.313027
2.252	676.193793
2.254	676.19302
2.256	673.365696
2.258	670.888915
2.26	670.891451
2.262	669.123181
2.264	668.063345
2.266	666.645283
2.268	666.297962
2.27	665.589864
2.272	664.885744
2.274	665.239295
2.276	663.825942
2.278	662.060586
2.28	662.063533
2.282	663.123352
2.284	662.418192
2.286	663.828983
2.288	661.704662
2.29	662.409176
2.292	661.69672
2.294	659.929636
2.296	659.570352
2.298	658.858988
2.3	656.38084
2.302	655.669561
2.304	654.607618
2.306	653.543192
2.308	650.352546
2.31	647.520958
2.312	645.744393
2.314	642.913872
2.316	639.724032
2.318	635.125533
2.32	632.647377
2.322	629.460718
2.324	624.865863
2.326	621.328541
2.328	617.797442
2.33	614.975506
2.332	611.091217
2.334	611.093323
2.336	607.564341
2.338	606.508435
2.34	606.16029
2.342	606.870126
2.344	606.871854
2.346	605.81415
2.348	608.29296
2.35	611.125368
2.352	611.83303
2.354	614.310481
2.356	616.786463
2.358	616.786748
2.36	617.847649
2.362	616.781308
2.364	618.192057
2.366	618.897268
2.368	618.536481
2.37	616.763888
2.372	617.114869
2.374	614.2803
2.376	611.094775
2.378	608.261998
2.38	606.490126
2.382	601.183966
2.384	598.352973
2.386	595.876277
2.388	590.21764
2.39	586.6811
2.392	581.375929
2.394	578.550452
2.396	573.601686
2.398	569.714149
2.4	566.180522
2.402	562.998951
2.404	559.818093
2.406	557.696324
2.408	553.455286
2.41	550.982595
2.412	547.447499
2.414	543.563278
2.416	542.149573
2.418	539.678696
2.42	538.973777
2.422	537.206259
2.424	534.37927
2.426	533.672589
2.428	532.259598
2.43	530.140768
2.432	526.60165
2.434	524.482828
2.436	526.607527
2.438	522.364282
2.44	523.782267
2.442	523.786615
2.444	525.558805
2.446	526.268666
2.448	528.748946
2.45	531.226355
2.452	535.827716
2.454	539.720614
2.456	543.967401
2.458	545.736006
2.46	549.977732
2.462	552.804704
2.464	555.985536
2.466	559.162338
2.468	560.576352
2.47	561.284863
2.472	562.341391
2.474	565.166575
2.476	564.813865
2.478	563.397702
2.48	562.333981
2.482	559.14739
2.484	557.378475
2.486	552.425393
2.488	549.595568
2.49	545.706646
2.492	542.87603
2.494	538.98752
2.496	539.339945
2.498	535.098945
2.5	532.273056
2.502	530.152446
2.504	526.264212
2.506	523.790429
2.508	519.546831
2.51	517.780829
2.512	517.42806
2.514	516.01475
2.516	517.42989
2.518	513.544905
2.52	512.837536
2.522	512.486942
2.524	510.364837
2.526	510.014663
2.528	506.478131
2.53	505.772258
2.532	502.941719
2.534	500.469784
2.536	495.874946
2.538	495.87388
2.54	493.753236
2.542	492.692729
2.544	490.216008
2.546	490.923024
2.548	490.566225
2.55	491.626001
2.552	494.454434
2.554	497.634519
2.556	500.818616
2.558	508.94813
2.56	514.610393
2.562	523.096732
2.564	532.291135
2.566	540.073006
2.568	545.025718
2.57	552.098059
2.572	555.988047
2.574	559.522748
2.576	564.475889
2.578	567.66149
2.58	568.722375
2.582	571.198425
2.584	573.323494
2.586	576.86409
2.588	577.570787
2.59	578.633502
2.592	580.046837
2.594	580.400774
2.596	581.107463
2.598	582.167248
2.6	582.164386
2.602	582.870662
2.604	585.697651
2.606	591.001
2.608	592.063681
2.61	598.78254
2.612	603.025013
2.614	606.563735
2.616	610.457484
2.618	613.989648
2.62	615.052794
2.622	616.464299
2.624	615.051384
2.626	617.878802
2.628	616.464779
2.63	615.757444
2.632	612.575228
2.634	612.221015
2.636	613.990479
2.638	611.870531
2.64	613.286444
2.642	613.28579
2.644	613.636763
2.646	613.983026
2.648	612.566803
2.65	615.037774
2.652	613.61611
2.654	617.857492
2.656	621.386804
2.658	622.799366
2.66	628.452613
2.662	628.095891
2.664	629.862734
2.666	633.394573
2.668	634.454014
2.67	635.160015
2.672	632.326511
2.674	633.387456
2.676	633.032555
2.678	630.908242
2.68	632.675093
2.682	631.969942
2.684	634.795882
2.686	635.149046
2.688	634.442468
2.69	634.440671
2.692	635.151683
2.694	634.795606
2.696	633.385252
2.698	631.971564
2.7	629.850492
2.702	629.145642
2.704	627.733079
2.706	628.440817
2.708	627.02346
2.71	625.254141
2.712	625.250472
2.714	624.189991
2.716	624.184147
2.718	622.769763
2.72	622.412612
2.722	622.41189
2.724	619.581962
2.726	619.934731
2.728	620.638061
2.73	621.697132
2.732	621.697081
2.734	620.987883
2.736	622.752148
2.738	622.39748
2.74	623.104135
2.742	625.576499
2.744	626.635176
2.746	630.17096
2.748	631.93697
2.75	635.469832
2.752	639.360955
2.754	640.065359
2.756	643.953937
2.758	647.137296
2.76	652.794119
2.762	656.678323
2.764	657.383844
2.766	660.918159
2.768	661.975347
2.77	664.448442
2.772	665.862834
2.774	670.456229
2.776	675.050027
2.778	676.815349
2.78	680.35042
2.782	684.947849
2.784	687.776677
2.786	689.897338
2.788	691.666691
2.79	695.911682
2.792	697.682891
2.794	699.803913
2.796	700.86625
2.798	701.579822
2.8	706.179035
2.802	707.945466
2.804	712.896398
2.806	717.494124
2.808	720.674218
2.81	722.793418
2.812	729.512191
2.814	729.868217
2.816	732.342008
2.818	733.759237
2.82	736.939657
2.822	737.648117
2.824	740.831863
2.826	743.304948
2.828	744.719333
2.83	747.546304
2.832	750.373285
2.834	750.374032
2.836	752.847505
2.838	753.91022
2.84	753.914619
2.842	754.624596
2.844	754.275818
2.846	754.98503
2.848	753.930302
2.85	752.165719
2.852	753.228761
2.854	752.875958
2.856	755.707696
2.858	753.939362
2.86	757.475881
2.862	757.12563
2.864	758.539224
2.866	759.600058
2.868	759.954581
2.87	761.369635
2.872	762.076583
2.874	762.784656
2.876	765.612325
2.878	765.256213
2.88	769.142265
2.882	769.494304
2.884	770.554097
2.886	774.087724
2.888	774.794034
2.89	775.14829
2.892	775.500379
2.894	777.623635
2.896	778.683513
2.898	776.917838
2.9	778.334431
2.902	779.039306
2.904	780.453741
2.906	781.513267
2.908	782.568686
2.91	781.862091
2.912	784.689079
2.914	786.455192
2.916	788.581386
2.918	788.579908
2.92	790.347826
2.922	793.180642
2.924	794.945242
2.926	797.419814
2.928	797.769653
2.93	802.008113
2.932	805.542848
2.934	808.72441
2.936	812.255175
2.938	812.255863
2.94	817.559169
2.942	818.61965
2.944	820.390775
2.946	821.101005
2.948	821.454403
2.95	821.458734
2.952	823.934657
2.954	825.353029
2.956	827.126709
2.958	828.194813
2.96	829.96372
2.962	832.093078
2.964	834.218028
2.966	837.405693
2.968	838.120969
2.97	839.893873
2.972	842.018831
2.974	843.438965
2.976	849.452897
2.978	851.929558
2.98	854.054173
2.982	857.236029
2.984	862.894992
2.986	865.725556
2.988	868.550948
2.99	872.088511
2.992	874.562268
2.994	880.219409
2.996	884.816774
2.998	887.997908
3	893.299779
3.002	897.189449
3.004	902.849947
3.006	908.511178
3.008	912.755799
3.01	915.590084
3.012	920.902542
3.014	924.089914
3.016	928.690639
3.018	931.520868
3.02	936.47473
3.022	939.662145
3.024	946.732639
3.026	951.331877
3.028	955.575373
3.03	960.880561
3.032	965.832911
3.034	967.602188
3.036	974.674903
3.038	977.508363
3.04	984.225358
3.042	986.348193
3.044	991.298361
3.046	997.65969
3.048	1001.548948
3.05	1005.440499
3.052	1012.861974
3.054	1017.105899
3.056	1020.996393
3.058	1025.239192
3.06	1031.251447
3.062	1037.617571
3.064	1041.157066
3.066	1045.406521
3.068	1051.77042
3.07	1056.722168
3.072	1061.317478
3.074	1065.91497
3.076	1069.805456
3.078	1075.107403
3.08	1081.468732
3.082	1087.483849
3.084	1092.077596
3.086	1097.026261
3.088	1100.562749
3.09	1105.159015
3.092	1107.990619
3.094	1110.467298
3.096	1112.943263
3.098	1114.361945
3.1	1117.545636
3.102	1122.143749
3.104	1124.619655
3.106	1127.450975
3.108	1129.218472
3.11	1132.753912
3.112	1136.28533
3.114	1138.755142
3.116	1146.883709
3.118	1150.059471
3.12	1152.52568
3.122	1155.347667
3.124	1159.580015
3.126	1164.874323
3.128	1166.986313
3.13	1172.28099
3.132	1176.512986
3.134	1180.390014
3.136	1187.099134
3.138	1189.917808
3.14	1194.852438
3.142	1198.382145
3.144	1203.314961
3.146	1207.543331
3.148	1209.653498
3.15	1210.704636
3.152	1214.234241
3.154	1215.996667
3.156	1218.819291
3.158	1216.341032
3.16	1219.520815
3.162	1218.808644
3.164	1218.811154
3.166	1218.100821
3.168	1218.098931
3.17	1217.032925
3.172	1215.970175
3.174	1214.555336
3.176	1213.846825
3.178	1213.14195
3.18	1213.141924
3.182	1212.084641
3.184	1208.904506
3.186	1207.494067
3.188	1205.021661
3.19	1204.316777
3.192	1202.553577
3.194	1202.905624
3.196	1202.196391
3.198	1199.721785
3.2	1199.717402
3.202	1200.419675
3.204	1199.354768
3.206	1200.762956
3.208	1198.63714
3.21	1200.752722
3.212	1199.687034
3.214	1201.093769
3.216	1200.73739
3.218	1200.027418
3.22	1201.788771
3.222	1201.081007
3.224	1201.077364
3.226	1200.7231
3.228	1199.30759
3.23	1199.305399
3.232	1198.601271
3.234	1196.831867
3.236	1197.892769
3.238	1196.831111
3.24	1194.712229
3.242	1196.12951
3.244	1194.007732
3.246	1192.236489
3.248	1194.000325
3.25	1191.171196
3.252	1191.870908
3.254	1191.513387
3.256	1190.089541
3.258	1189.729468
3.26	1190.782006
3.262	1190.421623
3.264	1190.410752
3.266	1191.817899
3.268	1190.04052
3.27	1191.094959
3.272	1193.206931
3.274	1192.136602
3.276	1195.662698
3.278	1194.58802
3.28	1197.058647
3.282	1198.462168
3.284	1200.930235
3.286	1201.634036
3.288	1203.044433
3.29	1204.108677
3.292	1206.93967
3.294	1204.469514
3.296	1205.180973
3.298	1202.713285
3.3	1204.844172
3.302	1200.611212
3.304	1199.207776
3.306	1198.508727
3.308	1197.103409
3.31	1195.698151
3.312	1195.347196
3.314	1195.000984
3.316	1196.064472
3.318	1195.718251
3.32	1197.842574
3.322	1196.782831
3.324	1199.259956
3.326	1199.968433
3.328	1200.328171
3.33	1200.33221
3.332	1203.516342
3.334	1205.643954
3.336	1207.771584
3.338	1208.839051
3.34	1214.145322
3.342	1214.859625
3.344	1216.988347
3.346	1223.355854
3.348	1224.777887
3.35	1226.55201
3.352	1231.156344
3.354	1235.409722
3.356	1238.599388
3.358	1240.022486
3.36	1245.686622
3.362	1248.87664
3.364	1253.837068
3.366	1255.614028
3.368	1262.335753
3.37	1263.402413
3.372	1270.123739
3.374	1272.244752
3.376	1278.2584
3.378	1280.385945
3.38	1286.046369
3.382	1289.234514
3.384	1294.894509
3.386	1300.550988
3.388	1304.440606
3.39	1308.32848
3.392	1310.451608
3.394	1315.406554
3.396	1319.655163
3.398	1323.197059
3.4	1327.446054
3.402	1331.342944
3.404	1335.236882
3.406	1339.137389
3.408	1340.914993
3.41	1342.690414
3.412	1345.528962
3.414	1346.250031
3.416	1350.852819
3.418	1350.163172
3.42	1355.126361
3.422	1359.030133
3.424	1357.276336
3.426	1360.122105
3.428	1360.84068
3.43	1362.627041
3.432	1366.897023
3.434	1362.310008
3.436	1366.554931
3.438	1363.404497
3.44	1366.587736
3.442	1365.55192
3.444	1366.633037
3.446	1365.935656
3.448	1364.547062
3.45	1363.507156
3.452	1363.519621
3.454	1360.363143
3.456	1361.445023
3.458	1356.153837
3.46	1356.532792
3.462	1351.247491
3.464	1348.437845
3.466	1345.634523
3.468	1339.286457
3.47	1334.707846
3.472	1330.134788
3.474	1322.726172
3.476	1317.085669
3.478	1308.978613
3.48	1300.150971
3.482	1292.038138
3.484	1280.741844
3.486	1270.500944
3.488	1258.488176
3.49	1244.359857
3.492	1228.804358
3.494	1212.548512
3.496	1192.045776
3.498	1170.472309
3.5	1148.55237
3.502	1123.085018
3.504	1092.664134
3.506	1062.598275
3.508	1028.985351
3.51	993.960533
3.512	953.627316
3.514	912.224564
3.516	867.291833
3.518	812.09493
3.52	760.422238
3.522	702.403545
3.524	642.248944
3.526	577.843088
3.528	507.802332
3.53	435.266788
3.532	364.116144
3.534	288.416768
3.536	215.529402
3.538	141.937504
3.54	77.93782
3.542	14.678371
3.544	-31.903613
3.546	-67.202192
3.548	-78.879662
3.55	-90.198298
3.552	-85.242078
3.554	-88.060794
3.556	-85.258279
3.558	-87.713024
3.56	-86.655485
3.562	-87.371729
3.564	-86.298924
3.566	-86.656182
3.568	-87.372906
3.57	-88.06826
3.572	-87.71747
3.574	-87.37111
3.576	-88.068184
3.578	-87.718939
3.58	-86.309142
3.582	-88.422362
3.584	-87.720804
3.586	-87.372579
3.588	-87.009061
3.59	-88.780304
3.592	-87.723114
3.594	-87.010539
3.596	-88.07291
3.598	-88.430474
3.6	-85.948589
3.602	-87.71978
3.604	-86.661053
3.606	-87.364073
3.608	-88.074397
3.61	-88.07511
3.612	-87.011673
3.614	-88.429735
3.616	-88.07218
3.618	-88.424244
3.62	-87.367355
3.622	-87.013151
3.624	-86.30464
3.626	-87.368111
3.628	-87.722753
3.63	-88.77917
3.632	-87.014981
3.634	-88.427552
3.636	-86.305698
3.638	-88.428282
3.64	-88.428618
3.642	-88.071802
3.644	-87.722014
3.646	-87.719041
3.648	-87.012781
3.65	-88.075153
3.652	-89.134903
3.654	-87.721636
3.656	-87.720855
3.658	-90.902065
3.66	-86.661473
3.662	-87.365172
3.664	-88.778843
3.666	-87.367003
3.668	-88.076588
3.67	-88.427149
3.672	-88.782856
3.674	-87.014242
3.676	-87.366943
3.678	-89.489881
3.68	-87.368128
3.682	-87.71978
3.684	-88.427166
3.686	-88.782134
3.688	-87.013117
3.69	-89.840811
3.692	-87.366659
3.694	-87.014251
3.696	-87.367733
3.698	-91.255212
3.7	-89.489176
3.702	-88.781043
3.704	-87.367347
3.706	-87.364811
3.708	-87.720897
3.71	-88.072549
3.712	-89.487354
3.714	-88.427518
3.716	-88.781756
3.718	-88.782143
3.72	-87.720897
3.722	-87.72015
3.724	-88.072532
3.726	-85.952249
3.728	-87.013142
3.73	-87.721594
3.732	-88.071466
3.734	-88.78216
3.736	-86.66107
3.738	-88.780321
3.74	-87.367398
3.742	-89.133056
3.744	-87.367716
3.746	-88.428265
3.748	-88.426796
3.75	-88.782117
3.752	-87.718714
3.754	-88.429374
3.756	-87.722324
3.758	-89.48842
3.76	-86.305791
3.762	-88.42751
3.764	-89.489864
3.766	-88.074036
3.768	-87.719789
3.77	-88.778121
3.772	-89.488042
3.774	-88.778869
3.776	-88.073658
3.778	-88.782521
3.78	-89.13602
3.782	-88.074397
3.784	-85.951854
3.786	-86.306152
3.788	-87.721989
3.79	-90.548196
3.792	-88.427183
3.794	-87.367389
3.796	-89.135986
3.798	-89.488806
3.8	-87.014259
3.802	-88.07401
3.804	-89.133459
3.806	-88.074388
3.808	-87.014603
3.81	-88.782848
3.812	-86.660365
3.814	-87.719814
3.816	-87.012764
3.818	-89.489528
3.82	-86.308696
3.822	-88.427535
3.824	-88.073297
3.826	-87.01352
3.828	-88.780321
3.83	-88.428953
3.832	-89.488806
3.834	-88.075874
3.836	-87.365911
3.838	-89.840836
3.84	-86.306883
3.842	-88.074397
3.844	-90.194327
3.846	-87.015686
3.848	-88.428248
3.85	-89.134912
3.852	-87.01462
3.854	-87.36775
3.856	-88.074741
3.858	-90.195066
3.86	-89.843792
3.862	-88.427879
3.864	-89.137086
3.866	-88.426066
3.868	-88.428626
3.87	-88.426393
3.872	-87.720536
3.874	-88.430482
3.876	-86.30904
3.878	-88.428265
3.88	-87.720906
3.882	-89.489176
3.884	-88.780304
3.886	-88.429004
3.888	-88.429735
3.89	-88.781404
3.892	-87.720536
3.894	-89.134912
3.896	-87.366633
3.898	-90.195822
3.9	-89.134215
3.902	-87.72088
3.904	-89.134517
3.906	-87.719789
3.908	-88.074019
3.91	-88.072927
3.912	-87.013881
3.914	-87.720545
3.916	-88.429331
3.918	-89.134559
3.92	-90.1973
3.922	-87.368447
3.924	-88.781395
3.926	-87.366642
3.928	-88.07511
3.93	-87.720124
3.932	-88.782865
3.934	-88.781438
3.936	-88.427527
3.938	-88.78033
3.94	-88.074783
3.942	-88.42751
3.944	-88.782117
3.946	-88.428643
3.948	-86.659609
3.95	-90.193949
3.952	-89.487311
3.954	-88.785451
3.956	-85.599824
3.958	-90.548591
3.96	-90.195813
3.962	-89.137086
3.964	-88.781034
3.966	-88.072558
3.968	-87.013142
3.97	-88.073658
3.972	-87.720897
3.974	-87.366667
3.976	-88.075093
3.978	-89.489167
3.98	-88.782529
3.982	-88.781773
3.984	-88.429726
3.986	-87.012781
3.988	-88.785787
3.99	-87.721224
3.992	-87.72381
3.994	-85.953736
3.996	-88.427887
3.998	-88.783621
4	-86.307983
4.002	-88.78179
4.004	-87.719067
4.006	-88.076227
4.008	-85.60058
4.01	-87.717941
4.012	-88.076261
4.014	-88.075874
4.016	-86.660373
4.018	-89.135307
4.02	-88.431952
4.022	81.750288
4.024	231.931882
4.026	508.430105
4.028	810.249054
4.03	1033.193562
4.032	1272.808112
4.034	1438.835666
4.036	1618.393261
4.038	1704.931417
4.04	1729.645745
4.042	1647.567166
4.044	1511.666294
4.046	1416.630049
4.048	1406.760463
4.05	1475.129439
4.052	1556.300923
4.054	1641.844269
4.056	1715.307549
4.058	1784.34738
4.06	1865.049212
4.062	1947.077144
4.064	2029.482695
4.066	2102.505481
4.068	2160.809852
4.07	2209.273269
4.072	2255.927645
4.074	2305.971763
4.076	2344.552439
4.078	2390.019786
4.08	2446.057677
4.082	2537.673175
4.084	2675.272529
4.086	2772.19628
4.088	2882.271857
4.09	3027.012124
4.092	3221.418439
4.094	3403.147973
4.096	3597.063192
4.098	3736.671776
4.1	3850.287035
4.102	3908.44249
4.104	3897.2713
4.106	3819.808788
4.108	3672.718585
4.11	3495.388439
4.112	3308.147636
4.114	3111.300637
4.116	2924.485436
4.118	2750.560052
4.12	2595.011621
4.122	2460.126051
4.124	2344.724608
4.126	2246.005247
4.128	2160.572673
4.13	2088.200092
4.132	2025.184896
4.134	1973.671402
4.136	1926.325629
4.138	1883.464531
4.14	1846.063925
4.142	1813.863425
4.144	1786.55656
4.146	1760.775721
4.148	1741.951441
4.15	1726.641137
4.152	1711.408049
4.154	1714.098175
4.156	1710.083439
4.158	1734.067132
4.16	1746.97566
4.162	1770.155945
4.164	1800.154099
4.166	1821.894872
4.168	1843.316383
4.17	1848.58523
4.172	1840.657418
4.174	1815.494611
4.176	1780.1636
4.178	1730.261556
4.18	1671.60636
4.182	1605.577382
4.184	1533.105645
4.186	1458.580154
4.188	1379.816781
4.19	1297.803012
4.192	1219.021412
4.194	1138.815503
4.196	1062.800021
4.198	987.895258
4.2	918.977484
4.202	854.271115
4.204	790.662859
4.206	736.569039
4.208	685.643053
4.21	635.818046
4.212	591.965033
4.214	548.459646
4.216	509.578758
4.218	471.026581
4.22	437.777586
4.222	405.26004
4.224	377.318301
4.226	352.557584
4.228	330.291028
4.23	308.01455
4.232	288.558296
4.234	271.597341
4.236	256.744483
4.238	239.058041
4.24	227.042476
4.242	213.950979
4.244	201.566533
4.246	192.021149
4.248	182.822889
4.25	177.164563
4.252	167.267351
4.254	161.606715
4.256	157.01656
4.258	149.242903
4.26	147.119486
4.262	145.007179
4.264	141.120303
4.266	140.412815
4.268	139.000168
4.27	138.296486
4.272	140.4109
4.274	142.178337
4.276	146.074339
4.278	150.316014
4.28	157.032269
4.282	167.299516
4.284	176.153063
4.286	191.011008
4.288	202.360281
4.29	214.050859
4.292	224.668723
4.294	232.471857
4.296	244.15043
4.298	251.232221
4.3	263.274604
4.302	275.669044
4.304	291.598461
4.306	306.465515
4.308	319.534487
4.31	328.747059
4.312	339.71854
4.314	350.671208
4.316	361.292056
4.318	373.666095
4.32	383.194582
4.322	395.576478
4.324	408.652093
4.326	422.772915
4.328	435.850445
4.33	447.853453
4.332	465.157229
4.334	478.938414
4.336	493.417731
4.338	507.8982
4.34	523.093969
4.342	539.699855
4.344	555.593557
4.346	567.606613
4.348	580.665953
4.35	595.854401
4.352	608.21511
4.354	620.565911
4.356	634.341393
4.358	645.289432
4.36	657.286978
4.362	669.294929
4.364	679.88805
4.366	689.418392
4.368	700.012965
4.37	708.839638
4.372	715.896126
4.374	723.665163
4.376	735.320621
4.378	740.617553
4.38	749.097164
4.382	760.053259
4.384	765.701584
4.386	774.186712
4.388	784.086258
4.39	790.802823
4.392	798.573639
4.394	807.413435
4.396	815.905961
4.398	821.917349
4.4	833.235306
4.402	838.902801
4.404	846.330421
4.406	854.472764
4.408	860.491163
4.41	866.514005
4.412	870.058529
4.414	875.022291
4.416	879.629615
4.418	879.288122
4.42	881.773214
4.422	884.611933
4.424	882.147973
4.426	878.974781
4.428	877.215267
4.43	873.339544
4.432	869.813162
4.434	863.100911
4.436	857.097172
4.438	848.618473
4.44	842.255271
4.442	835.542031
4.444	828.825046
4.446	820.339038
4.448	812.206568
4.45	803.368208
4.452	793.461961
4.454	783.911799
4.456	776.129571
4.458	767.640638
4.46	758.793763
4.462	752.424892
4.464	744.290909
4.466	736.506766
4.468	730.494219
4.47	720.594906
4.472	715.284537
4.474	708.210315
4.476	703.61472
4.478	692.65155
4.48	687.697577
4.482	680.627465
4.484	674.61344
4.486	670.017442
4.488	665.419614
4.49	659.410039
4.492	656.577122
4.494	652.335354
4.496	649.858985
4.498	644.555215
4.5	639.603458
4.502	640.31532
4.504	637.485057
4.506	634.301673
4.508	633.243014
4.51	632.53683
4.512	630.411702
4.514	630.059319
4.516	629.349811
4.518	628.645347
4.52	630.763396
4.522	633.245006
4.524	634.308519
4.526	634.665318
4.528	638.555426
4.53	639.266179
4.532	641.743639
4.534	645.988664
4.536	648.469105
4.538	649.887528
4.54	654.84097
4.542	660.150231
4.544	663.691162
4.546	666.876729
4.548	669.712811
4.55	673.610936
4.552	676.795705
4.554	678.924753
4.556	682.819189
4.558	681.762261
4.56	688.480619
4.562	690.255514
4.564	692.379844
4.566	693.800381
4.568	696.631727
4.57	697.699229
4.572	700.527551
4.574	701.238949
4.576	703.365857
4.578	700.893081
4.58	703.723233
4.582	704.432956
4.584	707.261423
4.586	706.555112
4.588	709.384292
4.59	710.447822
4.592	712.208686
4.594	713.622734
4.596	717.514294
4.598	717.51206
4.6	718.567737
4.602	722.100384
4.604	724.574201
4.606	724.925491
4.608	727.75431
4.61	729.524084
4.612	731.99491
4.614	731.992727
4.616	734.822276
4.618	734.462539
4.62	735.169864
4.622	737.644135
4.624	737.640895
4.626	738.350841
4.628	740.823265
4.63	739.767227
4.632	741.17826
4.634	741.533581
4.636	744.364299
4.638	744.012965
4.64	742.597774
4.642	745.429961
4.644	746.49271
4.646	745.788986
4.648	746.852448
4.65	745.444723
4.652	747.21149
4.654	744.740973
4.656	749.340254
4.658	743.69138
4.66	744.399394
4.662	745.11416
4.664	743.349139
4.666	744.413281
4.668	742.649789
4.67	741.242004
4.672	740.182092
4.674	738.065435
4.676	738.422226
4.678	736.305175
4.68	734.893552
4.682	735.606917
4.684	734.19542
4.686	732.782858
4.688	732.076547
4.69	733.848941
4.692	731.016796
4.694	729.955181
4.696	729.954158
4.698	728.889974
4.7	727.474035
4.702	728.88858
4.704	729.241744
4.706	729.235531
4.708	728.528179
4.71	728.526821
4.712	728.874442
4.714	727.456381
4.716	728.517333
4.718	724.981532
4.72	724.625009
4.722	724.623238
4.724	723.9177
4.726	721.798088
4.728	722.155291
4.73	721.097388
4.732	720.036392
4.734	717.561115
4.736	717.919435
4.738	716.151097
4.74	714.381625
4.742	715.448867
4.744	714.033366
4.746	712.273131
4.748	711.917088
4.75	709.798686
4.752	707.323685
4.754	706.971621
4.756	704.500811
4.758	701.315932
4.76	699.19443
4.762	696.723302
4.764	695.662477
4.766	691.772454
4.768	691.418259
4.77	688.946376
4.772	687.176198
4.774	685.055923
4.776	682.934928
4.778	679.044523
4.78	677.627088
4.782	677.986233
4.784	675.861585
4.786	674.096262
4.788	676.214439
4.79	675.1573
4.792	676.922924
4.794	676.570851
4.796	677.6325
4.798	678.693704
4.8	677.278814
4.802	681.526854
4.804	682.941604
4.806	682.942704
4.808	683.65045
4.81	687.540592
4.812	688.599552
4.814	688.243484
4.816	692.8409
4.818	692.132784
4.82	691.068093
4.822	694.606592
4.824	696.019137
4.826	698.495111
4.828	700.26119
4.83	700.620231
4.832	701.677361
4.834	703.093584
4.836	705.215723
4.838	708.398713
4.84	706.627736
4.842	709.107155
4.844	711.228925
4.846	711.230738
4.848	714.7658
4.85	713.711179
4.852	715.480422
4.854	715.481487
4.856	719.022822
4.858	716.903521
4.86	716.549549
4.862	719.384642
4.864	719.739241
4.866	719.743993
4.868	719.393054
4.87	719.749888
4.872	718.33975
4.874	720.461133
4.876	719.75782
4.878	717.636369
4.88	716.930317
4.882	717.997182
4.884	720.473559
4.886	719.766526
4.888	718.351772
4.89	719.417855
4.892	717.290896
4.894	717.643674
4.896	718.349607
4.898	717.998668
4.9	717.283532
4.902	720.468161
4.904	721.173389
4.906	721.523959
4.908	722.934415
4.91	722.93706
4.912	725.404209
4.914	725.049232
4.916	727.171388
4.918	727.875826
4.92	727.873473
4.922	730.703503
4.924	731.764421
4.926	730.703116
4.928	731.40868
4.93	731.764086
4.932	732.115644
4.934	731.410055
4.936	732.117844
4.938	730.349884
4.94	729.640875
4.942	730.705885
4.944	730.354207
4.946	730.351638
4.948	731.414697
4.95	727.879694
4.952	728.939746
4.954	726.817221
4.956	727.52281
4.958	722.572944
4.96	722.217107
4.962	722.221971
4.964	721.866623
4.966	719.038534
4.968	718.682852
4.97	718.330496
4.972	715.854687
4.974	713.731826
4.976	714.440294
4.978	710.197796
4.98	708.783233
4.982	709.844623
4.984	708.779004
4.986	706.306202
4.988	706.659718
4.99	706.308487
4.992	705.5966
4.994	704.533902
4.996	703.828423
4.998	702.768605
5	700.642291
5.002	703.11883
5.004	702.058306
5.006	701.702985
5.008	703.117017
5.01	702.412303
5.012	702.058676
5.014	700.6421
5.016	705.238106
5.018	701.704471
5.02	699.581818
5.022	703.824436
5.024	703.824453
5.026	704.179405
5.028	706.299
5.03	704.534458
5.032	705.59268
5.034	705.94587
5.036	706.298278
5.038	703.82337
5.04	704.526219
5.042	707.356988
5.044	707.710479
5.046	707.711562
5.048	710.184682
5.05	709.479187
5.052	708.771691
5.054	707.002733
5.056	711.600535
5.058	708.064717
5.06	708.415545
5.062	711.246641
5.064	712.660337
5.066	709.47728
5.068	711.24701
5.07	711.598765
5.072	713.011586
5.074	710.536291
5.076	711.245163
5.078	711.596051
5.08	709.470862
5.082	711.598259
5.084	712.303109
5.086	711.597872
5.088	713.368351
5.09	711.954421
5.092	711.242946
5.094	711.242938
5.096	709.827891
5.098	709.119003
5.1	707.701191
5.102	710.534529
5.104	710.177773
5.106	709.115737
5.108	709.113631
5.11	708.410344
5.112	707.701034
5.114	707.346788
5.116	708.759048
5.118	704.869714
5.12	702.037132
5.122	705.57349
5.124	706.280522
5.126	703.801937
5.128	704.859941
5.13	704.508357
5.132	704.859219
5.134	702.735594
5.136	706.271455
5.138	707.331944
5.14	703.791583
5.142	706.622015
5.144	709.096949
5.146	709.097679
5.148	708.389572
5.15	709.451642
5.152	710.156011
5.154	711.923568
5.156	711.21583
5.158	712.275942
5.16	711.567666
5.162	713.691073
5.164	713.334291
5.166	714.398089
5.168	712.981153
5.17	713.691889
5.172	713.690326
5.174	713.687421
5.176	712.980405
5.178	713.333544
5.18	708.734883
5.182	713.335013
5.184	713.33393
5.186	712.269712
5.188	712.976762
5.19	711.565712
5.192	711.208776
5.194	711.209515
5.196	711.919117
5.198	712.2704
5.2	709.086124
5.202	711.915758
5.204	710.856712
5.206	710.854126
5.208	710.854143
5.21	711.918412
5.212	711.207651
5.214	710.500231
5.216	710.148622
5.218	710.147471
5.22	707.67242
5.222	711.91465
5.224	710.149662
5.226	708.026759
5.228	711.20802
5.23	712.627602
5.232	710.499501
5.234	709.087644
5.236	711.212025
5.238	710.152971
5.24	707.319668
5.242	711.917597
5.244	712.272961
5.246	710.856016
5.248	711.210271
5.25	712.27491
5.252	712.978524
5.254	710.147917
5.256	712.271585
5.258	711.562696
5.26	710.851153
5.262	712.978163
5.264	714.747928
5.266	715.100336
5.268	714.392573
5.27	715.45246
5.272	715.097372
5.274	716.157551
5.276	716.159785
5.278	715.801827
5.28	715.09214
5.282	716.154647
5.284	716.154664
5.286	715.803683
5.288	717.923656
5.29	717.215969
5.292	713.677153
5.294	713.67827
5.296	713.322621
5.298	712.262433
5.3	710.847896
5.302	712.967627
5.304	712.615967
5.306	711.909269
5.308	711.906424
5.31	712.617513
5.312	710.492711
5.314	711.555065
5.316	710.496019
5.318	709.078361
5.32	710.136162
5.322	709.787903
5.324	709.080569
5.326	708.01855
5.328	710.141445
5.33	710.849999
5.332	708.373511
5.334	708.373846
5.336	708.729253
5.338	706.608171
5.34	705.54385
5.342	706.610689
5.344	706.963501
5.346	704.844241
5.348	707.317705
5.35	704.13731
5.352	705.195197
5.354	706.257895
5.356	704.846063
5.358	704.488886
5.36	702.720841
5.362	704.491052
5.364	704.489625
5.366	705.902909
5.368	705.194819
5.37	704.845779
5.372	705.194466
5.374	705.90107
5.376	706.959127
5.378	706.960554
5.38	704.480723
5.382	706.958672
5.384	707.312944
5.386	708.372368
5.388	707.665705
5.39	708.020028
5.392	706.248391
5.394	708.018843
5.396	709.428526
5.398	709.073893
5.4	706.600319
5.402	710.489403
5.404	708.721889
5.406	708.720041
5.408	710.839653
5.41	709.780323
5.412	709.423405
5.414	709.068101
5.416	710.834213
5.418	706.592462
5.42	705.882406
5.422	708.358558
5.424	706.942722
5.426	706.586636
5.428	705.880703
5.43	706.590029
5.432	707.293333
5.434	707.999215
5.436	709.415867
5.438	706.936887
5.44	705.16702
5.442	708.350188
5.444	708.347275
5.446	707.640225
5.448	710.469388
5.45	709.053628
5.452	709.403743
5.454	709.049496
5.456	708.696383
5.458	708.696349
5.46	706.573679
5.462	707.987469
5.464	710.814449
5.466	708.691881
5.468	709.043601
5.47	709.753959
5.472	707.274902
5.474	707.98191
5.476	706.567233
5.478	705.503358
5.48	704.793637
5.482	706.915164
5.484	706.2038
5.486	707.969467
5.488	705.846958
5.49	707.260697
5.492	706.196075
5.494	706.193514
5.496	707.25262
5.498	707.247473
5.5	707.241862
5.502	708.300331
5.504	709.360855
5.506	709.711029
5.508	712.180892
5.51	711.120058
5.512	711.821488
5.514	710.049532
5.516	713.229676
5.518	712.516447
5.52	710.039195
5.522	712.864069
5.524	713.569263
5.526	714.271484
5.528	715.68628
5.53	713.563101
5.532	714.973018
5.534	715.321773
5.536	717.086047
5.538	715.669421
5.54	713.545324
5.542	714.605563
5.544	716.724789
5.546	716.017748
5.548	718.135512
5.55	717.431822
5.552	718.488239
5.554	717.780123
5.556	719.54548
5.558	717.776789
5.56	716.36153
5.562	718.128845
5.564	716.006328
5.566	717.06607
5.568	716.356167
5.57	716.708651
5.572	715.646221
5.574	714.935905
5.576	714.229679
5.578	714.228176
5.58	710.68789
5.582	711.748533
5.584	712.100211
5.586	710.333032
5.588	709.976996
5.59	711.034993
5.592	709.266672
5.594	709.972202
5.596	711.034607
5.598	709.617628
5.6	706.079155
5.602	708.202488
5.604	710.321361
5.606	710.672274
5.608	708.906221
5.61	707.49365
5.612	708.550101
5.614	705.718772
5.616	708.905087
5.618	705.721685
5.62	704.30348
5.622	707.134239
5.624	707.839055
5.626	706.424981
5.628	706.423932
5.63	706.068628
5.632	706.067116
5.634	705.709234
5.636	704.651314
5.638	704.294489
5.64	704.292187
5.642	706.059485
5.644	705.351386
5.646	704.290484
5.648	705.705977
5.65	703.937749
5.652	703.584165
5.654	704.643589
5.656	706.414067
5.658	703.231353
5.66	701.816488
5.662	705.35534
5.664	702.527612
5.666	705.001411
5.668	703.943113
5.67	702.173072
5.672	705.00184
5.674	704.292642
5.676	704.646561
5.678	704.643262
5.68	702.875249
5.682	704.996787
5.684	704.998273
5.686	705.700511
5.688	705.345937
5.69	706.40689
5.692	705.695844
5.694	706.404304
5.696	708.874141
5.698	707.460814
5.7	705.335307
5.702	707.812526
5.704	707.102545
5.706	707.458262
5.708	708.515873
5.71	707.807774
5.712	707.453878
5.714	707.806622
5.716	709.220723
5.718	708.512941
5.72	708.157518
5.722	709.217766
5.724	708.158333
5.726	711.337713
5.728	710.275368
5.73	710.981704
5.732	712.042177
5.734	712.390194
5.736	710.624914
5.738	713.098343
5.74	712.032252
5.742	715.922016
5.744	716.275557
5.746	715.921268
5.748	718.039067
5.75	718.041301
5.752	718.394741
5.754	719.098843
5.756	721.221351
5.758	719.453391
5.76	716.976526
5.762	720.161851
5.764	720.515703
5.766	719.456941
5.768	719.459141
5.77	718.046588
5.772	719.81876
5.774	720.173351
5.776	718.761897
5.778	718.057365
5.78	717.350239
5.782	718.059162
5.784	716.293856
5.786	716.646582
5.788	714.528826
